INSERT INTO location (city, state, country)
VALUES 	('Los Angeles', 'California','US'),
		('San Diego', 'California','US'), 			 			
		('New York', 'New York','US'),		
		('Binghamton', 'New York','US'),							 		
		('Hillingdon', 'London','United Kingdom'),				
		('Mexico City', 'Mexico City','Mexico');

INSERT INTO airport(name, abbreviation, city, state, country)
VALUES  ('Los Angeles International Airport', 'LAX', 'Los Angeles', 'California','US'),
	('San Diego International Airport','SAN', 'San Diego', 'California','US'),
	('John F. Kennedy International Airport', 'JFK', 'New York', 'New York','US'),
	('Greater Binghamton Airport', 'BGM', 'Binghamton', 'New York','US'),
	('London Heathrow Airport', 'LHR', 'Hillingdon', 'London','United Kingdom'),
	('Mexico City International Airport', 'MEX', 'Mexico City', 'Mexico City','Mexico');

INSERT INTO airline(name, headQuarters,type, dateEstablished)
VALUES  ('Envoy Air', 'Irving, New York', 'local', '05/06/1984'),
	('SkyWest Airlines', 'St. George, California', 'local', '04/23/1972'),
	('Hawaiian Airlines', 'Honolulu, Hawaii', 'domestic', '01/30/1929'),
	('JetBlue Airways', 'Long Island City, New York', 'domestic', '08/09/1998'),
	('American Airlines', 'Dallas Fort Worth', 'international', '04/15/1926'),
	('United Airlines', 'Chicago, Illinois', 'international', '04/06/1926');

INSERT INTO partner(name, abbreviation)
VALUES  ('SkyWest Airlines', 'LAX'),
	('SkyWest Airlines', 'SAN'),
	('Envoy Air', 'BGM'),
 	('Envoy Air', 'JFK'),
	('Hawaiian Airlines', 'SAN'),
	('Hawaiian Airlines', 'JFK'),
	('JetBlue Airways', 'BGM'),
	('JetBlue Airways', 'LAX'),
	('American Airlines', 'LAX'),
	('American Airlines', 'MEX'),
	('United Airlines', 'MEX'),
	('United Airlines', 'LHR');

INSERT INTO flightSchedule(origin, destination, airlineName, departureTime, arrivalTime, flightId)
VALUES  ('SAN', 'LAX', 'SkyWest Airlines', '07:00', '09:00', 1230),  
	('LAX', 'SAN', 'SkyWest Airlines', '10:00', '12:00', 1231), 
	('SAN', 'LAX', 'SkyWest Airlines', '14:00', '16:00', 1232), 
	('LAX', 'SAN', 'SkyWest Airlines', '17:00', '19:00', 1233),
	('BGM', 'JFK', 'Envoy Air', '8:00', '09:00', 1234), 
	('JFK', 'BGM', 'Envoy Air', '10:00', '11:00', 1235), 
	('BGM', 'JFK', 'Envoy Air', '13:00', '14:00', 1236), 
	('JFK', 'BGM', 'Envoy Air', '15:00', '16:00', 1237),
	('SAN', 'JFK', 'Hawaiian Airlines', '03:00', '12:00', 1238), 
	('JFK', 'SAN', 'Hawaiian Airlines', '14:00', '19:00', 1239),
	('BGM', 'LAX', 'JetBlue Airways', '03:00', '10:00', 1240), 
	('LAX', 'BGM', 'JetBlue Airways', '12:00', '19:00', 1241),
	('LAX', 'MEX', 'American Airlines', '01:00', '05:00', 1242), 
	('MEX', 'LAX', 'American Airlines', '07:00', '12:00', 1243),
	('LHR', 'MEX', 'United Airlines', '01:00', '12:00', 1244), 
	('MEX', 'LHR', 'United Airlines', '13:00', '22:00', 1245);

INSERT INTO crew(numberOfFlightAttendants, crewId)
VALUES  (2, 1111),
	(2, 1112),
	(3, 1113),
	(3, 1114),
	(5, 1115),
	(5, 1116);

INSERT INTO flightAssignment(crewId, flightId)
VALUES  (1111, 1230),
	(1111, 1231),
	(1111, 1232),
	(1111, 1233),
	(1112, 1234),
	(1112, 1235),
	(1112, 1236),
	(1112, 1237),
	(1113, 1238),
	(1113, 1239),
	(1114, 1240),
	(1114, 1241),
	(1115, 1242),
	(1115, 1243),
	(1116, 1244),
	(1116, 1245);

INSERT INTO  crewMember(crewId, name, type, backGroundCheckDate, salary, FAANumber)
VALUES  (1111, 'Mike Tred', 'Pilot', '11/20/1992', 280232 , 10001),
	(1111 , 'Kayla Hes', 'Co-pilot', '11/23/1993', 243530 , 10002),
	(1111 , 'William Levy', 'Navigator', '03/02/1992', 210200 , 10003),
	(1111 , 'Raul Jimenez', 'Flight Attendant', '04/22/1987', 83560 , 10004),
	(1111 , 'Maria Gomez', 'Flight Attendant', '11/23/1984', 82400 , 10005),
	(1112, 'Jessica Yes', 'Pilot', '12/21/1972', 210200 , 10006),
	(1112, 'Jasmine Fes', 'Co-pilot', '06/02/1981', 190200 , 10007),
	(1112, 'Step Bej', 'Navigator', '05/06/1973', 182000 , 10008),
	(1112, 'Ash Mas', 'Flight Attendant', '01/16/1983', 67000 , 10009),
	(1112, 'Etaas Wat', 'Flight Attendant', '11/21/1992', 58000 , 10010),
	(1113, 'Kaithin Nerns', 'Pilot', '05/22/1987', 253000 , 10011),
	(1113, 'Mimi Opkins', 'Co-pilot', '01/07/1980', 243000 , 10012),
	(1113, 'Rosalia Sanchez', 'Navigator', '03/02/1986', 213300 , 10013),
	(1113, 'Oben Bin', 'Flight Attendant', '09/24/1991', 84560 , 10014),
	(1113, 'Abelito Jin', 'Flight Attendant', '06/02/1981', 81200 , 10015),
	(1113, 'Estevan Jam', 'Flight Attendant', '05/06/1973', 80400 , 10016),
	(1114, 'Daisy Pinedo', 'Pilot', '10/03/1967', 222300, 10017),
	(1114 , 'Juan Luis Osorio', 'Co-pilot', '05/07/1968', 212400 , 10018),
	(1114, 'Jessica Hurtado', 'Navigator', '08/05/1982', 207400 , 10019),
	(1114, 'Heather Han', 'Flight Attendant', '06/13/1989', 96000 , 10020),
	(1114, 'Audrey Jin', 'Flight Attendant', '10/16/1972', 84500 , 10021),
	(1114, 'Matias Furs', 'Flight Attendant', '05/28/1997', 82400 , 10022),
	(1115, 'Jenny Viera', 'Pilot', '05/12/1982', 198900 , 10023),
	(1115, 'Mantain Jes', 'Co-pilot', '01/17/1984', 192400 , 10024),
	(1115, 'Lele Pons', 'Navigator', '01/02/1996', 182400 , 10025),
	(1115, 'Obama Clerk', 'Flight Attendant', '03/23/1981', 85000 , 10026),
	(1115, 'Nathalia Lin', 'Flight Attendant', '05/10/1971', 82000 , 10027),
	(1115, 'David Ramirez', 'Flight Attendant', '04/08/1984', 81000 , 10028),
	(1115, 'Erika Perez', 'Flight Attendant', '08/27/1987', 80300 , 10029),
	(1115, 'Destiny Nandez', 'Flight Attendant', '07/08/1988', 82000 , 10030),
	(1116, 'Maty Gomez', 'Pilot', '02/06/1972', 223000 , 10031),
	(1116, 'Jaira Ross', 'Co-pilot', '09/27/1994', 212000 , 10032),
	(1116, 'Fausto Molina', 'Navigator', '09/05/1952', 211000 , 10033),
	(1116, 'Moo Hon', 'Flight Attendant', '06/12/1999', 82000 , 10034),
	(1116, 'German Iws', 'Flight Attendant', '10/19/1976', 78000 , 10035),
	(1116, 'Pepe Lepu', 'Flight Attendant', '05/28/1992', 79000 , 10036),
	(1116, 'Amanda Guerrero', 'Flight Attendant', '07/04/1998', 80000 , 10037),
	(1116, 'Desire Mass', 'Flight Attendant', '07/09/1978', 81000 , 10038);

INSERT INTO airplane(airlineName, name, manufacturer, modelNumber, tailNumber, seatingCapacity)
VALUES	('SkyWest Airlines', 'Monster', 'Wesights', 15001 , 'FAA123', 80),
	('SkyWest Airlines', 'Monster 2', 'Wesights', 15002 , 'FAA129', 70),
	('Envoy Air', 'Eagle', 'Mercy', 12211, 'FAA124', 94),
	('Envoy Air', 'Fire', 'Mercy', 12212, 'FAA130', 68),
	('Envoy Air', 'Legends', 'Mercy', 12213, 'FAA131', 88),
	('Hawaiian Airlines', 'Up&Up' , 'Champions', 18844, 'FAA125', 120),
	('Hawaiian Airlines', 'Yellow' , 'Champions', 18845, 'FAA132', 115),
	('JetBlue Airways', 'OvyOnTheDrum' , 'Terricolas', 10015, 'FAA126', 145),	
	('American Airlines', 'Parce' , 'Keithn', 111111, 'FAA127', 170),
	('American Airlines', 'Medallo' , 'Keithn', 111112, 'FAA133', 200),
	('United Airlines', 'Miedito' , 'Keithn', 101012, 'FAA128', 220),
	('United Airlines', 'Ocean' , 'Keithn', 101013, 'FAA134', 240);

INSERT INTO flightInstance(flightId, flightDate, tailNumber, departureTime, ArrivalTime)
VALUES (1230, '12/01/2020','FAA123','07:32', '08:58'),	 	
 	(1231, '12/01/2020', 'FAA123','10:23','12:37'),
        (1230,'12/03/2020', 'FAA123','07:32', '08:58'),	 	
 	(1231, '12/03/2020', 'FAA123'  ,'10:23','12:37'),
 	(1230, '12/04/2020', 'FAA129'  ,'07:10', '08:57'),	 	
 	(1231, '12/04/2020', 'FAA129'  ,'10:32', '12:27'),
        (1230, '12/06/2020', 'FAA129'  ,'07:10', '08:57'),	 	
 	(1231, '12/06/2020', 'FAA129'  ,'10:32', '12:27'),
 	(1230, '12/07/2020', 'FAA129'  ,'07:10','08:57'),	 	
 	(1231, '12/07/2020', 'FAA129'  ,'10:32', '12:27'),
 	(1230, '12/09/2020', 'FAA129'  ,'07:20','08:57'),	 	
 	(1231, '12/09/2020', 'FAA129'  ,'10:20','12:37'),
 	(1230, '12/10/2020', 'FAA123'  ,'07:20','08:57'),
 	(1231, '12/10/2020', 'FAA123'  ,'10:20','12:37'),
        (1232, '12/02/2020', 'FAA129'  ,'14:00', '15:57'),
 	(1233, '12/02/2020', 'FAA129'  ,'17:10', '19:27'),
 	(1232, '12/04/2020', 'FAA123'  ,'14:20', '16:36'),
 	(1233, '12/04/2020', 'FAA123'  ,'17:07', '19:30'),
 	(1232, '12/05/2020', 'FAA129'  ,'14:23', '16:27'),
 	(1233, '12/05/2020', 'FAA129'  ,'17:20', '19:17'),
 	(1232, '12/06/2020', 'FAA123'  ,'14:22', '16:32'),
 	(1233, '12/06/2020', 'FAA123'  ,'17:37', '19:31'),
        (1232, '12/08/2020', 'FAA129'  ,'14:00', '15:57'),
 	(1233, '12/08/2020', 'FAA129'  ,'17:10','19:37'),
 	(1232, '12/09/2020', 'FAA123'  ,'14:20','16:26'),
 	(1233, '12/09/2020', 'FAA123'  ,'17:07','19:20'),
 	(1232, '12/10/2020', 'FAA129'  ,'14:23','16:37'),
 	(1233, '12/10/2020', 'FAA129'  ,'17:20','19:37'),
        (1232, '12/11/2020', 'FAA129'  ,'14:00', '15:57'),
 	(1233, '12/11/2020', 'FAA129'  ,'17:10','19:37'),
        (1234, '12/02/2020', 'FAA130'  ,'08:31', '09:37'),	
 	(1235, '12/02/2020', 'FAA130'  ,'10:31', '11:37'),
 	(1234, '12/03/2020', 'FAA130'  ,'08:11', '09:27'),	
 	(1235, '12/03/2020', 'FAA130'  ,'10:41', '11:47'),
        (1234, '12/04/2020', 'FAA131'  ,'08:20', '09:37'),	
 	(1235, '12/04/2020', 'FAA131'  ,'10:11','11:27'),
 	(1234, '12/07/2020', 'FAA130'  ,'08:19', '09:17'),
 	(1235, '12/07/2020', 'FAA130'  ,'10:22', '11:27'),
        (1234, '12/08/2020', 'FAA130'  ,'08:20', '09:37'),	
 	(1235, '12/08/2020', 'FAA130'  ,'10:40','11:37'),	
 	(1234, '12/09/2020', 'FAA131'  ,'08:20','09:37'),	
 	(1235, '12/09/2020', 'FAA131'  ,'10:11','11:27'),
 	(1234, '12/10/2020', 'FAA130'  ,'08:12','09:17'),
 	(1235, '12/10/2020', 'FAA130'  ,'10:31','11:07'),
        (1236, '12/01/2020', 'FAA124'  ,'13:32', '14:37'),	
 	(1237, '12/01/2020', 'FAA124'  ,'15:32', '16:12'),
 	(1236, '12/03/2020', 'FAA124'  ,'13:12','13:57'),	
 	(1237, '12/03/2020', 'FAA124'  ,'15:22','16:22'),
 	(1236, '12/04/2020', 'FAA131'  ,'13:31','14:33'),
 	(1237, '12/04/2020', 'FAA131'  ,'15:12', '16:17'),
 	(1236, '12/05/2020', 'FAA130'  ,'13:22', '14:27'),
 	(1237, '12/05/2020', 'FAA130'  ,'15:11','16:04'),
 	(1236, '12/08/2020', 'FAA124'  ,'13:01', '13:59'),	
 	(1237, '12/08/2020', 'FAA124'  ,'15:20','16:20'),
 	(1236, '12/09/2020', 'FAA131'  ,'13:40','14:37'),
 	(1237, '12/09/2020', 'FAA131'  ,'15:21','16:27'),
        (1236, '12/11/2020', 'FAA131'  ,'13:40', '14:37'),
 	(1237, '12/11/2020', 'FAA131'  ,'15:21','16:27'),
        (1238, '12/01/2020', 'FAA132', '03:31', '12:35'),	 	
 	(1239, '12/01/2020', 'FAA132', '14:11', '19:35'),	
        (1238, '12/03/2020', 'FAA132','03:01', '12:25'),	 	
        (1239, '12/03/2020', 'FAA132', '14:11', '19:25'),	 	
 	(1238, '12/04/2020', 'FAA125', '03:11', '12:15'),
 	(1239, '12/04/2020', 'FAA125', '14:03', '19:15'),
 	(1238, '12/05/2020', 'FAA132', '03:21', '12:45'),
 	(1239, '12/05/2020', 'FAA132', '14:21', '19:05'),
 	(1238, '12/06/2020', 'FAA125', '03:42', '12:05'),
 	(1239, '12/06/2020', 'FAA125', '14:08', '12:12'),	
 	(1238, '12/11/2020', 'FAA125', '03:42', '12:05'),
 	(1239, '12/11/2020', 'FAA125', '14:08', '12:12'),
        (1240, '12/02/2020', 'FAA126', '03:05', '10:22'),	 	
 	(1241, '12/02/2020', 'FAA126', '12:01', '19:25'),
 	(1240, '12/03/2020', 'FAA126', '03:03', '10:25'),	 	
 	(1241, '12/03/2020', 'FAA126', '12:01', '19:25'),
 	(1240, '12/04/2020', 'FAA126', '03:20', '10:15'),
 	(1241, '12/04/2020', 'FAA126', '12:05', '19:15'),
 	(1240, '12/05/2020', 'FAA126', '03:04', '10:05'),
 	(1241, '12/05/2020', 'FAA126', '12:15', '19:22'),
 	(1240, '12/06/2020', 'FAA126', '03:22', '10:05'),
 	(1241, '12/06/2020', 'FAA126', '12:18', '19:12'),
 	(1240, '12/07/2020', 'FAA126', '03:28', '10:15'),
 	(1241, '12/07/2020', 'FAA126', '12:12', '19:07'),
        (1240, '12/08/2020', 'FAA126', '03:01', '10:25'),	 	
 	(1241, '12/08/2020', 'FAA126', '12:11', '19:25'),
 	(1240, '12/09/2020', 'FAA126', '03:21', '10:15'),
 	(1241, '12/09/2020', 'FAA126', '12:03', '19:15'),
 	(1240, '12/10/2020', 'FAA126', '03:00', '10:05'),
 	(1241, '12/10/2020', 'FAA126', '12:04', '19:22'),
 	(1240, '12/11/2020', 'FAA126', '03:51', '10:05'),
 	(1241, '12/11/2020', 'FAA126', '12:08', '19:12'),
 	(1242, '12/04/2020', 'FAA127', '01:01', '05:25'),	 	 
 	(1243, '12/04/2020', 'FAA127', '07:11', '12:25'),	 	
 	(1242, '12/05/2020', 'FAA133', '01:21', '05:15'),
 	(1243, '12/05/2020', 'FAA133', '07:03', '12:05'),
 	(1242, '12/06/2020', 'FAA127', '01:10', '05:05'),
 	(1243, '12/06/2020', 'FAA127', '07:04', '12:22'),
 	(1242, '12/07/2020', 'FAA127', '01:21', '05:15'),
 	(1243, '12/07/2020', 'FAA127', '07:38', '12:12'),
        (1242, '12/08/2020', 'FAA127', '01:01', '05:25'),	 	 
 	(1243, '12/08/2020', 'FAA127', '07:11', '12:25'),	 	
 	(1242, '12/09/2020', 'FAA133', '01:21', '05:15'),
 	(1243, '12/09/2020', 'FAA133', '07:03', '12:05'),
 	(1242, '12/10/2020', 'FAA127', '01:10', '05:05'),
 	(1243, '12/10/2020', 'FAA127', '07:04', '12:22'),
 	(1242, '12/11/2020', 'FAA127', '01:21', '05:15'),
 	(1243, '12/11/2020', 'FAA127', '07:38', '12:12'),
 	(1244, '12/01/2020', 'FAA128', '01:01', '12:05'),	 	 
 	(1245, '12/01/2020', 'FAA128', '13:11', '22:25'),	 	
 	(1244, '12/02/2020', 'FAA134', '01:48', '11:54'),
 	(1245, '12/02/2020', 'FAA134', '13:03', '21:58'),
 	(1244, '12/03/2020', 'FAA128', '01:09', '12:22'),
 	(1245, '12/03/2020', 'FAA128', '13:44', '22:02'),
 	(1244, '12/04/2020', 'FAA134', '01:52', '11:54'),
 	(1245, '12/04/2020', 'FAA134', '13:08', '22:12'),
 	(1244, '12/05/2020', 'FAA134', '01:48', '11:54'),
 	(1245, '12/05/2020', 'FAA134', '13:03', '21:58'),
 	(1244, '12/08/2020', 'FAA128', '01:01', '12:05'),	 	 
 	(1245, '12/08/2020', 'FAA128', '13:11', '22:25'),	 	
 	(1244, '12/09/2020', 'FAA134', '01:48', '11:54'),
 	(1245, '12/09/2020', 'FAA134', '13:03', '21:58'),
 	(1244, '12/10/2020', 'FAA128', '01:09', '12:22'),
 	(1245, '12/10/2020', 'FAA128', '13:44', '22:02'),
 	(1244, '12/11/2020', 'FAA134', '01:52', '11:54'),
 	(1245, '12/11/2020', 'FAA134', '13:08', '22:12');

INSERT INTO maintenanceCheck(leadInspector, type, date, tailNumber)
VALUES  ('Hector Wolfe', 'Engine', '04/18/2019','FAA123'),
        ('Hector Wolfe', 'Engine', '04/29/2019','FAA123'),
        ('Tanner Robinson', 'Engine', '05/23/2019','FAA130'),
	('Tanner Robinson', 'Wing', '01/20/2020','FAA130'),
        ('Tanner Robinson', 'Ventilation', '05/24/2019','FAA129'),
	('Tanner Robinson', 'Engine', '06/05/2019','FAA129'),
        ('Dimitri Smith', 'Ventilation', '06/24/2019','FAA128'),
	('Dimitri Smith', 'Ventilation', '06/21/2020','FAA128'),
        ('Hector Wolfe', 'Engine', '07/24/2019','FAA124'),
	('Benjamin Adams', 'Tail', '07/06/2020','FAA124'),
        ('Hector Wolfe', 'Engine', '08/24/2019','FAA131'),
	('Benjamin Adams', 'Engine', '02/18/2020','FAA131'),
        ('Hector Wolfe', 'Tail', '08/29/2019','FAA125'),
	('Hector Wolfe', 'Ventilation', '08/18/2020','FAA125'),
        ('Dimitri Smith', 'Wing', '09/03/2019','FAA132'),
	('Dimitri Smith', 'Ventilation', '12/06/2019','FAA132'),
        ('Tanner Robinson', 'Wing', '09/08/2019','FAA126'),
	('Dimitri Smith', 'Tail', '09/08/2020','FAA126'),
        ('Tanner Robinson', 'Engine', '09/03/2019','FAA127'),
	('Dimitri Smith', 'Ventilation', '10/03/2029','FAA127'),
        ('Benjamin Adams', 'Engine', '09/26/2019','FAA133'),
	('Benjamin Adams', 'Ventilation', '07/12/2020','FAA133'),
        ('Hector Wolfe', 'Engine', '11/15/2019','FAA134');

INSERT INTO localDomesticFlight(flightId)
VALUES (1230),(1231),(1232),(1233),(1234),(1235),(1236),(1237),(1238),(1239),
       (1240),(1241);

INSERT INTO internationalFlight (flightId,wiFi,cost)
VALUES (1242,true,50),(1243,false,0),(1244,true,60),(1245,false, 0);


INSERT INTO extraCharges(type, cost)
VALUES  ('Water', 5),
	('Pillows', 8),
        ('Blankets', 9),
	('Checking bags', 40),
        ('Food', 25);

INSERT INTO amenity(flightId, type)
VALUES  (1230, 'Water'),
	(1230, 'Pillows'),
	(1230, 'Food'),
	(1230, 'Checking bags'),
        (1231, 'Blankets'),
	(1231, 'Pillows'),
	(1231, 'Water'),
        (1232, 'Water'),
	(1232, 'Food'),
        (1233, 'Food'),
        (1234, 'Checking bags'),
	(1234, 'Water'),
	(1234, 'Blankets'),
	(1234, 'Pillows'),
	(1234, 'Food'),
        (1235, 'Checking bags'),
	(1235, 'Water'),
	(1235, 'Blankets'),
	(1235, 'Pillows'),
	(1235, 'Food'),
        (1236, 'Water'),
	(1236, 'Food'),
	(1236, 'Checking bags'),
        (1237, 'Pillows'),
	(1237, 'Water'),	
        (1238, 'Blankets'),
	(1238, 'Checking bags'),
	(1238, 'Food'),
	(1238, 'Water'),
        (1239, 'Water'),	
        (1240, 'Blankets'),
	(1240, 'Food'),
        (1241, 'Blankets'),
	(1241, 'Food'),
	(1241, 'Water'),
	(1241, 'Checking bags'),
	(1241, 'Pillows');

INSERT INTO incidentReport(flightId, flightDate, type, description, crewMemberReport, crewMemberInvolved)
VALUES 
	(1230, '12/01/2020', 'Fight', 'A passenger and a flight attendant got into a fight on the airplane', 10005, 10004),
	(1230, '12/03/2020', 'Sick', 'A passenger threw up on the airplane', 10005, 10004),
	(1230, '12/04/2020', 'Turbulence', 'Air caused turbulence', 10004, 10001),
	(1230, '12/04/2020', 'Lights off', 'The lights went off', 10001, 10002),
	(1230, '12/06/2020', 'Fight', 'A passenger and a flight attendant got into a fight on the airplane', 10004, 10005),
	(1230, '12/07/2020', 'Sick', 'A passenger threw up on the airplane', 10005, 10004),
	(1230, '12/10/2020', 'Turbulence', 'Air caused turbulence', 10001, 10002),
	(1230, '12/10/2020', 'Thunderstorm', 'There were multiple thunders hitting the plane', 10001, 10002),
	(1230, '12/10/2020', 'Unidentified object', 'Random object flying around the plane', 10001, 10002),
	(1231, '12/10/2020', 'Fight', 'A passenger and a flight attendant got into a fight on the airplane', 10005, 10004),
	(1231, '12/10/2020', 'Sick', 'A passenger threw up on the airplane', 10005, 10004),
	(1232, '12/02/2020', 'Sick', 'A passenger threw up on the airplane', 10005, 10004),
	(1232, '12/02/2020', 'Turbulence', 'Air caused turbulence', 10001, 10002),
	(1232, '12/05/2020', 'Thunderstorm', 'There were multiple thunders hitting the plane', 10001, 10002),
	(1232, '12/09/2020', 'Thunderstorm', 'There were multiple thunders hitting the plane', 10001, 10002),
	(1232, '12/09/2020', 'Unidentified object', 'Random object flying around the plane', 10001, 10002),
	(1233, '12/08/2020', 'Fight', 'A passenger and a flight attendant got into a fight on the airplane', 10005, 10004),
	(1233, '12/09/2020', 'Sick', 'A passenger threw up on the airplane', 10005, 10004),
	(1233, '12/10/2020', 'Turbulence', 'Air caused turbulence', 10004, 10001),
	(1234, '12/02/2020', 'Turbulence', 'Air caused turbulence', 10008, 10006),
	(1234, '12/02/2020', 'Thunderstorm', 'There were multiple thunders hitting the plane', 10009, 10010),
	(1234, '12/03/2020', 'Sick', 'A passenger threw up on the airplane', 10009, 10010),
	(1234, '12/04/2020', 'Turbulence', 'Air caused turbulence', 10008, 10006),
	(1234, '12/10/2020', 'Thunderstorm', 'There were multiple thunders hitting the plane', 10006, 10007),
	(1236, '12/03/2020', 'Unidentified object', 'Random object flying around the plane', 10006, 10007),
	(1236, '12/03/2020', 'Fight', 'A passenger and a flight attendant got into a fight on the airplane', 10005, 10004),
	(1236, '12/09/2020', 'Unidentified object', 'Random object flying around the plane', 10008, 10006),
	(1237, '12/04/2020', 'Sick', 'A passenger threw up on the airplane', 10009, 10010),
	(1237, '12/05/2020', 'Sick', 'A passenger threw up on the airplane', 10010, 10009),
	(1237, '12/09/2020', 'Sick', 'A passenger threw up on the airplane', 10006, 10010),
	(1238, '12/05/2020', 'Fight', 'A passenger and a flight attendant got into a fight on the airplane', 10014, 10016),
	(1238, '12/06/2020', 'Sick', 'A passenger threw up on the airplane', 10015, 10014),
	(1238, '12/11/2020', 'Unidentified object', 'Random object flying around the plane', 10013, 10011),
	(1238, '12/11/2020', 'Fight', 'A passenger and a flight attendant got into a fight on the airplane', 10016, 10014),
	(1239, '12/04/2020', 'Sick', 'A passenger threw up on the airplane', 10014, 10016),
	(1239, '12/05/2020', 'Sick', 'A passenger threw up on the airplane', 10015, 10014),
	(1239, '12/06/2020', 'Sick', 'A passenger threw up on the airplane', 10016, 10015),
	(1239, '12/11/2020', 'Unidentified object', 'Random object flying around the plane', 10011, 10012),
	(1240, '12/08/2020', 'Lights off', 'The lights went off', 10017, 10018),
	(1240, '12/09/2020', 'Sick', 'A passenger threw up on the airplane', 10021, 10020),
	(1240, '12/09/2020', 'Sick', 'A passenger threw up on the airplane', 10020, 10021),
	(1240, '12/09/2020', 'Fight', 'A passenger and a flight attendant got into a fight on the airplane', 10022, 10021),
	(1240, '12/10/2020', 'Sick', 'A passenger threw up on the airplane', 10020, 10021),
	(1241, '12/10/2020', 'Turbulence', 'Air caused turbulence', 10017, 10018),
	(1241, '12/11/2020', 'Thunderstorm', 'There were multiple thunders hitting the plane', 10019, 10017),
	(1241, '12/11/2020', 'Sick', 'A passenger threw up on the airplane', 10020, 10022),
	(1242, '12/04/2020', 'Thunderstorm', 'There were multiple thunders hitting the plane', 10023, 10024),
	(1242, '12/04/2020', 'Sick', 'A passenger threw up on the airplane', 10030, 10029),
	(1242, '12/08/2020', 'Turbulence', 'Air caused turbulence', 10025, 10023),
	(1242, '12/09/2020', 'Thunderstorm', 'There were multiple thunders hitting the plane', 10023, 10024),
	(1242, '12/11/2020', 'Unidentified object', 'Random object flying around the plane', 10023, 10024),
	(1243, '12/06/2020', 'Fight', 'A passenger and a flight attendant got into a fight on the airplane', 10027, 10028),
	(1243, '12/07/2020', 'Unidentified object', 'Random object flying around the plane', 10025, 10030),
	(1243, '12/07/2020', 'Sick', 'A passenger threw up on the airplane', 10029, 10030),
	(1243, '12/08/2020', 'Sick', 'A passenger threw up on the airplane', 10030, 10029),
	(1243, '12/09/2020', 'Sick', 'A passenger threw up on the airplane', 10028, 10027),
	(1245, '12/08/2020', 'Fight', 'A passenger and a flight attendant got into a fight on the airplane', 10034, 10035),
	(1245, '12/10/2020', 'Unidentified object', 'Random object flying around the plane', 10033, 10031),
	(1245, '12/10/2020', 'Sick', 'A passenger threw up on the airplane', 10035, 10036),
	(1245, '12/11/2020', 'Sick', 'A passenger threw up on the airplane', 10035, 10036);